,Accuracy,F1 Score
Random Forest,0.8725359911406423,0.716142104727996
Decision Tree,0.8161683277962346,0.6653630527725964
Neural Network,0.6327796234772979,0.45405002501961544
Naive Bayes,0.7284606866002215,0.5755189441903491
